,primaryName,adjusted_revenue,adjusted_revenue_in_millions
0,Ridley Scott,1482580681.3554435,1482.5806813554434
1,Guy Ritchie,1378853748.0581775,1378.8537480581774
2,Steven Spielberg,1341571417.8303545,1341.5714178303544
3,Kenneth Branagh,1137248222.1239834,1137.2482221239834
4,Clint Eastwood,1103354348.944826,1103.354348944826
5,Jaume Collet-Serra,1003440478.3630897,1003.4404783630897
